INSERT INTO T_AGF_PRODUTOR (CD_PRODUTOR, NM_PRODUTOR, DS_ENDERECO, DS_EMAIL, NR_TELEFONE) 

     VALUES (20405, 'FAZENDA MORAIS', 'RODOVIA OCTAVIO DE OLIVEIRA SANTOS', 'fazenda.morais@gmail.com', 11910924442); 

INSERT INTO T_AGF_PRODUTOR (CD_PRODUTOR, NM_PRODUTOR, DS_ENDERECO, DS_EMAIL, NR_TELEFONE) 

     VALUES (20406, 'FAZENDA ALEGRE', 'Estrada Mun., 400-650', 'contato_fazenda_alegre@gmail.com', 11910924564); 
     

INSERT INTO T_AGF_PESSOA_JURIDICA (CD_PRODUTOR, NM_PJ, NR_CNPJ, NR_INSCRICAO_ESTADUAL) 

     VALUES (20405, 'FAZENDA MORAIS', 75324896000150, 1599517892); 


INSERT INTO T_AGF_PESSOA_JURIDICA (CD_PRODUTOR, NM_PJ, NR_CNPJ, NR_INSCRICAO_ESTADUAL) 

     VALUES (20406, 'ARMAZEM E DISTRIBUIDORA DE ALIMENTOS BETINA LTDA', 90324896000190, 1599517900);
     

INSERT INTO T_AGF_PESSOA_FISICA (CD_PRODUTOR, NM_PF, NR_CPF, NR_CPF_DIGITO, DT_NASCCIMENTO) 

     VALUES (20405, 'MORAIS DOS SANTOS NUNES', 963258147, 23,
		TO_DATE('20/08/1965','DD/MM/YYYY') );


INSERT INTO T_AGF_PESSOA_FISICA (CD_PRODUTOR, NM_PF, NR_CPF, NR_CPF_DIGITO, DT_NASCCIMENTO) 

     VALUES (20406, 'BETINA DA SILVA SANTOS', 253258110, 80,
		TO_DATE('07/09/1975','DD/MM/YYYY') );
        
INSERT INTO T_AGF_CIDADE (CD_CIDADE, DS_CIDADE, SG_ESTADO) 

     VALUES (12, 'SOCORRO', 'SP');

INSERT INTO T_AGF_CIDADE (CD_CIDADE, DS_CIDADE, SG_ESTADO) 

     VALUES (10, 'MAIRIPORÃ', 'SP'); 
     
INSERT INTO T_AGF_PRODUCAO (CD_PRODUCAO, CD_PRODUTOR, CD_CIDADE, NM_PRODUTO, DS_PRODUTO, DS_SAFRA, DT_INICIO, DT_FIM, NR_PRODUTIVIDADE ) 

     VALUES (50506, 20405, 12, 'BATATA DOCE', 'BRS BEAUREGARD', 'ENTRESSAFRA', 

		TO_DATE('20/01/2023','DD/MM/YYYY'),
		TO_DATE('26/08/2023','DD/MM/YYYY'), 80 );


INSERT INTO T_AGF_PRODUCAO (CD_PRODUCAO, CD_PRODUTOR, CD_CIDADE, NM_PRODUTO, DS_PRODUTO, DS_SAFRA, DT_INICIO, DT_FIM, NR_PRODUTIVIDADE ) 

     VALUES (40407, 20406, 10, 'BATATA DOCE', 'BRS RUBISSOL', 'SAFRA', 

		TO_DATE('15/12/2022','DD/MM/YYYY'),
		TO_DATE('18/07/2023','DD/MM/YYYY'), 90 );
        
INSERT INTO T_AGF_LAVOURA (CD_LAVOURA, CD_PRODUCAO, SG_LAVOURA) 

     VALUES (54321, 50506, 'LFM');

INSERT INTO T_AGF_LAVOURA (CD_LAVOURA, CD_PRODUCAO, SG_LAVOURA) 

     VALUES (24531, 40407, 'LFA');
     
INSERT INTO T_AGF_DESPESA (CD_DESPESA, CD_LAVOURA, NM_DESPESA) 

     VALUES (14785, 54321, 'ADUBAÇÃO E PLANTIO');

INSERT INTO T_AGF_DESPESA (CD_DESPESA, CD_LAVOURA, NM_DESPESA) 

     VALUES (36985, 24531, 'PLANTIO E FERTILIZAÇÃO');
     
INSERT INTO T_AGF_CUSTO_FIXO (CD_CUSTO_FIXO, CD_PRODUCAO, SG_CUSTO_FIXO) 

     VALUES (98563, 50506, 'CFM');

INSERT INTO T_AGF_CUSTO_FIXO (CD_CUSTO_FIXO, CD_PRODUCAO, SG_CUSTO_FIXO) 

     VALUES (78451, 40407, 'CFA');

INSERT INTO T_AGF_CUSTO_OPERACIONAL (CD_CUSTO_OP, CD_PRODUCAO, SG_CUSTO_OP) 

     VALUES (45621, 50506, 'COM');

INSERT INTO T_AGF_CUSTO_OPERACIONAL (CD_CUSTO_OP, CD_PRODUCAO, SG_CUSTO_OP) 

     VALUES (65412, 40407, 'COA');
     
INSERT INTO T_AGF_CUSTO_VARIAVEL (CD_VARIAVEL, CD_PRODUCAO, SG_VARIAVEL) 

     VALUES (47896, 50506, 'CVM');

INSERT INTO T_AGF_CUSTO_VARIAVEL (CD_VARIAVEL, CD_PRODUCAO, SG_VARIAVEL) 

     VALUES (74569, 40407, 'CVA');

INSERT INTO T_AGF_DEPRECIACAO (CD_DEPRECIACAO, CD_PRODUCAO, SG_DEPRECIACAO, VL_PRECO_DEP_BEN, VL_PRECO_DEP_IMP, VL_PRECO_DEP_ANM, VL_PRECO_DEP_MAQ) 

     VALUES (51486, 50506, 'DPM', 280.50, 246.32, 226.56, 265.23);


INSERT INTO T_AGF_DEPRECIACAO (CD_DEPRECIACAO, CD_PRODUCAO, SG_DEPRECIACAO, VL_PRECO_DEP_BEN, VL_PRECO_DEP_IMP, VL_PRECO_DEP_ANM, VL_PRECO_DEP_MAQ) 

     VALUES (65463, 40407, 'DPA', 230.51, 265.05, 242.03, 210.56);
     
INSERT INTO T_AGF_OUTROS_FIXOS (CD_OUTROS_FIXOS, CD_PRODUCAO, SG_OUTROS_FIXOS, VL_PRECO_MAN_MAQ, VL_PRECO_ENG_SOCIAIS, VL_PRECO_SEG_FIXO) 

     VALUES (86324, 50506, 'OFM', 1333.63, 950.62, 850.45);

INSERT INTO T_AGF_OUTROS_FIXOS (CD_OUTROS_FIXOS, CD_PRODUCAO, SG_OUTROS_FIXOS, VL_PRECO_MAN_MAQ, VL_PRECO_ENG_SOCIAIS, VL_PRECO_SEG_FIXO) 

     VALUES (46325, 40407, 'OFA', 1560.56, 860.89, 921.63);
     
INSERT INTO T_AGF_POS_COLHEITA (CD_POS_COLHEITA, CD_PRODUCAO, SG_POS_COLHEITA, VL_PRECO_SEG_AGRO, VL_PRECO_ASSIS_TEC, VL_PRECO_TRANSP, VL_PRECO_ARM, VL_PRECO_CESSR, VL_PRECO_IMPOSTO, VL_PRECO_TAXAS, VL_PRECO_OUTROS_COL) 

     VALUES (34954, 50506, 'PCM', 600.80, 900.53, 1365.20, 1200.63, 300.50, 350.55, 330.25, 350.65);

INSERT INTO T_AGF_POS_COLHEITA (CD_POS_COLHEITA, CD_PRODUCAO, SG_POS_COLHEITA, VL_PRECO_SEG_AGRO, VL_PRECO_ASSIS_TEC, VL_PRECO_TRANSP, VL_PRECO_ARM, VL_PRECO_CESSR, VL_PRECO_IMPOSTO, VL_PRECO_TAXAS, VL_PRECO_OUTROS_COL) 

     VALUES (64536, 40407, 'PCA', 600.56, 1000.50, 1250.30, 1350.20, 325.52, 325.42, 340.40, 500.00);
     
INSERT INTO T_AGF_PRECO_DESPESA (CD_PRECO_DESPESA, CD_DESPESA, DATA_PRECO_DESPESA, PRECO_DESPESA_HA, PRECO_DESPESA_KG) 

     VALUES (75256, 14785, TO_DATE('15/12/2022','DD/MM/YYYY'),
	    540.40, 528.30);

INSERT INTO T_AGF_PRECO_DESPESA (CD_PRECO_DESPESA, CD_DESPESA, DATA_PRECO_DESPESA, PRECO_DESPESA_HA, PRECO_DESPESA_KG) 

     VALUES (98532, 36985, TO_DATE('15/01/2023','DD/MM/YYYY'),
	    550.12, 522.24);
        
COMMIT;